<?xml version="1.0" encoding="Windows-1252" ?>
<XML_DIZ_INFO>
<MASTER_PAD_VERSION_INFO>
    <MASTER_PAD_VERSION>1.15</MASTER_PAD_VERSION>
    <MASTER_PAD_INFO>Portable Application Description, or PAD for short, is a data set that is used by shareware authors to disseminate information to anyone interested in their software products. To find out more go to http://www.asp-shareware.org/pad</MASTER_PAD_INFO>
</MASTER_PAD_VERSION_INFO>
<Company_Info>
        <Company_Name>Aubrey Hall</Company_Name>
        <Address_1>Rockdell</Address_1>
        <Address_2>Cootehill</Address_2>
        <City_Town>Co.Cavan</City_Town>
        <State_Province />
        <Zip_Postal_Code />
        <Country>Ireland</Country>
        <Company_WebSite_URL>http://whoamint.dk3.com</Company_WebSite_URL>
<Contact_Info>
        <Author_First_Name>Aubrey</Author_First_Name>
        <Author_Last_Name>Hall</Author_Last_Name>
        <Author_Email>aubhall@yahoo.com</Author_Email>
        <Contact_First_Name />
        <Contact_Last_Name />
        <Contact_Email />
    </Contact_Info>
<Support_Info>
        <Sales_Email>aubhall@yahoo.com</Sales_Email>
        <Support_Email>aubhall@yahoo.com</Support_Email>
        <General_Email>aubhall@yahoo.com</General_Email>
        <Sales_Phone />
        <Support_Phone />
        <General_Phone />
        <Fax_Phone />
    </Support_Info>
</Company_Info>
<Program_Info>
        <Program_Name>Cmd Line Here</Program_Name>
        <Program_Version>1.0</Program_Version>
        <Program_Release_Month>03</Program_Release_Month>
        <Program_Release_Day>18</Program_Release_Day>
        <Program_Release_Year>2002</Program_Release_Year>
        <Program_Cost_Dollars />
        <Program_Cost_Other_Code />
        <Program_Cost_Other />
        <Program_Type>Freeware</Program_Type>
        <Program_Release_Status>New Release</Program_Release_Status>
        <Program_Install_Support>Install and Uninstall</Program_Install_Support>
        <Program_OS_Support>Win95,Win98,WinME,WinNT 3.x,WinNT 4.x,WinXP,Windows2000</Program_OS_Support>
        <Program_Language>English</Program_Language>
<File_Info>
        <Filename_Versioned />
        <Filename_Previous />
        <Filename_Generic>cmdline.zip</Filename_Generic>
        <Filename_Long />
        <File_Size_Bytes>266,752</File_Size_Bytes>
        <File_Size_K>260</File_Size_K>
        <File_Size_MB>0</File_Size_MB>
    </File_Info>
<Expire_Info>
        <Has_Expire_Info>N</Has_Expire_Info>
        <Expire_Count />
        <Expire_Based_On>Days</Expire_Based_On>
        <Expire_Other_Info />
        <Expire_Month />
        <Expire_Day />
        <Expire_Year />
    </Expire_Info>
        <Program_Change_Info />
        <Program_Specific_Category>Utilities</Program_Specific_Category>
        <Program_Categories>desktop,mis</Program_Categories>
        <Program_System_Requirements>Windows Nt3.51 or Windows &apos;95</Program_System_Requirements>
        <Includes_JAVA_VM>N</Includes_JAVA_VM>
        <Includes_VB_Runtime>N</Includes_VB_Runtime>
        <Includes_DirectX>N</Includes_DirectX>
</Program_Info>
<Program_Descriptions>
<English>
        <Keywords>Command,Line,Here,</Keywords>
        <Char_Desc_45>Command Line Here</Char_Desc_45>
        <Char_Desc_80>This adds an item named &quot;Command Line Here&quot; to the context menus of folders</Char_Desc_80>
        <Char_Desc_250>This adds an item named &quot;Command Line Here&quot; to the context menus of folders
in Windows Explorer which, when selected, opens a command prompt window with
the folder as the current directory.</Char_Desc_250>
        <Char_Desc_450>Command line Here 
by Aubrey Hall - whoamint.dk3.com - aubhall@yahoo.com
Last updated: 16-03-2000

This adds an item named &quot;Command Line Here&quot; to the context menus of folders
in Windows Explorer which, when selected, opens a command prompt window with
the folder as the current directory.</Char_Desc_450>
        <Char_Desc_2000>Command line Here
by Aubrey Hall - whoamint.dk3.com - aubhall@yahoo.com
Last updated: 16-03-2000

This adds an item named &quot;Command Line Here&quot; to the context menus of folders
in Windows Explorer which, when selected, opens a command prompt window with
the folder as the current directory.

Under Windows NT/2000/XP

By default, it uses %SystemRoot%\system32\cmd.exe as the command interpreter.

Under Windows &apos;95/98/ME

By default, it uses c:\windows\command.com as the command interpreter.</Char_Desc_2000>
</English>
</Program_Descriptions>
<Web_Info>
<Application_URLs>
        <Application_Info_URL>http://www.angelfire.com/electronic/jademan/cmdline/index.htm</Application_Info_URL>
        <Application_Order_URL>http://www.angelfire.com/electronic/jademan/cmdline/index.htm</Application_Order_URL>
        <Application_Screenshot_URL />
        <Application_Icon_URL />
        <Application_XML_File_URL>http://www.angelfire.com/electronic/jademan/cmdline/pad_file.htm</Application_XML_File_URL>
    </Application_URLs>
<Download_URLs>
        <Primary_Download_URL>http://www.angelfire.com/electronic/jademan/cmdline/index.htm</Primary_Download_URL>
        <Secondary_Download_URL />
        <Additional_Download_URL_1 />
        <Additional_Download_URL_2 />
    </Download_URLs>
</Web_Info>
<Permissions>
        <Distribution_Permissions />
        <EULA />
</Permissions>
<ASP>
    <ASP_FORM>Y</ASP_FORM>
    <ASP_Member>N</ASP_Member>
    <ASP_Member_Number />
</ASP>
<Simtel>
    <Simtel_Email />
    <Simtel_FORM>Y</Simtel_FORM>
    <Simtel_DOS_Category>Select - MS-DOS Platform (blank)</Simtel_DOS_Category>
    <Simtel_Win31_Category>Select - Win3 Platform unique (blank)</Simtel_Win31_Category>
    <Simtel_Platform>win95 - Win95/Win98/WinME</Simtel_Platform>
    <Simtel_Category>Utilities/Drivers/Systems Files - desktop Programs for the Desktop</Simtel_Category>
    <SIMTEL_FORM_VER>1.1 12/07/2001</SIMTEL_FORM_VER>
</Simtel>
</XML_DIZ_INFO>
